{
  "token_acc":1.0,
  "token_p":1.0,
  "token_r":1.0,
  "token_f":1.0,
  "ents_p":0.9030218366,
  "ents_r":0.9259650181,
  "ents_f":0.9143495254,
  "ents_per_type":{
    "COURT":{
      "p":0.956133225,
      "r":0.963963964,
      "f":0.9600326264
    },
    "JUDGE":{
      "p":0.9748201439,
      "r":0.9186440678,
      "f":0.9458987784
    },
    "PETITIONER":{
      "p":0.9042424242,
      "r":0.8714953271,
      "f":0.8875669244
    },
    "LAWYER":{
      "p":0.9487612613,
      "r":0.9392419175,
      "f":0.943977591
    },
    "RESPONDENT":{
      "p":0.8425925926,
      "r":0.8512628625,
      "f":0.8469055375
    },
    "PRECEDENT":{
      "p":0.77877429,
      "r":0.8015384615,
      "f":0.7899924185
    },
    "STATUTE":{
      "p":0.9486921529,
      "r":0.9711637487,
      "f":0.9597964377
    },
    "OTHER_PERSON":{
      "p":0.9170344219,
      "r":0.9411231884,
      "f":0.9289226643
    },
    "DATE":{
      "p":0.9121561668,
      "r":0.9492151431,
      "f":0.9303167421
    },
    "PROVISION":{
      "p":0.9592833876,
      "r":0.9671592775,
      "f":0.963205233
    },
    "ORG":{
      "p":0.8404471545,
      "r":0.9048140044,
      "f":0.8714436249
    },
    "WITNESS":{
      "p":0.886214442,
      "r":0.98062954,
      "f":0.9310344828
    },
    "GPE":{
      "p":0.8107769424,
      "r":0.906162465,
      "f":0.8558201058
    },
    "CASE_NUMBER":{
      "p":0.8532974428,
      "r":0.9505247376,
      "f":0.8992907801
    }
  },
  "speed":948.7519241904
}