{
  "token_acc":1.0,
  "token_p":1.0,
  "token_r":1.0,
  "token_f":1.0,
  "ents_p":0.8435502068,
  "ents_r":0.8455217129,
  "ents_f":0.8445348093,
  "ents_per_type":{
    "COURT":{
      "p":0.9324894515,
      "r":0.904995905,
      "f":0.9185369909
    },
    "JUDGE":{
      "p":0.9158075601,
      "r":0.9033898305,
      "f":0.909556314
    },
    "PETITIONER":{
      "p":0.6673003802,
      "r":0.8200934579,
      "f":0.7358490566
    },
    "LAWYER":{
      "p":0.9311953353,
      "r":0.8901895206,
      "f":0.910230835
    },
    "RESPONDENT":{
      "p":0.8217158177,
      "r":0.5734331151,
      "f":0.6754820937
    },
    "OTHER_PERSON":{
      "p":0.7400306748,
      "r":0.8740942029,
      "f":0.8014950166
    },
    "PRECEDENT":{
      "p":0.6888567294,
      "r":0.7323076923,
      "f":0.7099179717
    },
    "STATUTE":{
      "p":0.9092721834,
      "r":0.9392378991,
      "f":0.9240121581
    },
    "DATE":{
      "p":0.9074889868,
      "r":0.9510618652,
      "f":0.9287646528
    },
    "PROVISION":{
      "p":0.9461028192,
      "r":0.9367816092,
      "f":0.9414191419
    },
    "ORG":{
      "p":0.7797956867,
      "r":0.7516411379,
      "f":0.76545961
    },
    "WITNESS":{
      "p":0.8321342926,
      "r":0.8401937046,
      "f":0.8361445783
    },
    "GPE":{
      "p":0.757457847,
      "r":0.8179271709,
      "f":0.7865319865
    },
    "CASE_NUMBER":{
      "p":0.8616144975,
      "r":0.784107946,
      "f":0.8210361068
    }
  },
  "speed":1247.7348082717
}