{
  "token_acc":1.0,
  "token_p":1.0,
  "token_r":1.0,
  "token_f":1.0,
  "ents_p":0.8616266787,
  "ents_r":0.8609770808,
  "ents_f":0.8613017573,
  "ents_per_type":{
    "COURT":{
      "p":0.9180050719,
      "r":0.8894348894,
      "f":0.9034941764
    },
    "JUDGE":{
      "p":0.9232026144,
      "r":0.9576271186,
      "f":0.9400998336
    },
    "PETITIONER":{
      "p":0.8279445727,
      "r":0.8376168224,
      "f":0.8327526132
    },
    "LAWYER":{
      "p":0.9429994466,
      "r":0.9498327759,
      "f":0.9464037767
    },
    "RESPONDENT":{
      "p":0.7628494139,
      "r":0.791393826,
      "f":0.7768595041
    },
    "CASE_NUMBER":{
      "p":0.7390029326,
      "r":0.7556221889,
      "f":0.7472201631
    },
    "PROVISION":{
      "p":0.9395194698,
      "r":0.9310344828,
      "f":0.935257732
    },
    "STATUTE":{
      "p":0.9435736677,
      "r":0.929969104,
      "f":0.9367219917
    },
    "ORG":{
      "p":0.759149941,
      "r":0.7035010941,
      "f":0.7302668938
    },
    "DATE":{
      "p":0.9439338235,
      "r":0.9482917821,
      "f":0.9461077844
    },
    "OTHER_PERSON":{
      "p":0.8274336283,
      "r":0.8469202899,
      "f":0.8370635631
    },
    "GPE":{
      "p":0.7285902503,
      "r":0.7745098039,
      "f":0.7508486083
    },
    "PRECEDENT":{
      "p":0.7122416534,
      "r":0.6892307692,
      "f":0.7005473026
    },
    "WITNESS":{
      "p":0.9391534392,
      "r":0.8595641646,
      "f":0.8975979772
    }
  },
  "speed":1337.1949707711
}