{
  "token_acc":1.0,
  "token_p":1.0,
  "token_r":1.0,
  "token_f":1.0,
  "ents_p":0.8472027714,
  "ents_r":0.8665560917,
  "ents_f":0.8567701539,
  "ents_per_type":{
    "COURT":{
      "p":0.9107438017,
      "r":0.9025389025,
      "f":0.906622789
    },
    "JUDGE":{
      "p":0.9306930693,
      "r":0.9559322034,
      "f":0.9431438127
    },
    "PETITIONER":{
      "p":0.8210645527,
      "r":0.8469626168,
      "f":0.8338125359
    },
    "LAWYER":{
      "p":0.9263836647,
      "r":0.9609810479,
      "f":0.9433652531
    },
    "RESPONDENT":{
      "p":0.7714285714,
      "r":0.757717493,
      "f":0.7645115621
    },
    "CASE_NUMBER":{
      "p":0.7333333333,
      "r":0.808095952,
      "f":0.7689015692
    },
    "ORG":{
      "p":0.7528473804,
      "r":0.7231947484,
      "f":0.7377232143
    },
    "OTHER_PERSON":{
      "p":0.8008658009,
      "r":0.8378623188,
      "f":0.8189464365
    },
    "PRECEDENT":{
      "p":0.6818851252,
      "r":0.7123076923,
      "f":0.6967644846
    },
    "PROVISION":{
      "p":0.9468879668,
      "r":0.9367816092,
      "f":0.9418076764
    },
    "STATUTE":{
      "p":0.9089068826,
      "r":0.9248197734,
      "f":0.9167942828
    },
    "WITNESS":{
      "p":0.7730923695,
      "r":0.9322033898,
      "f":0.8452250274
    },
    "DATE":{
      "p":0.9145683453,
      "r":0.9390581717,
      "f":0.9266514806
    },
    "GPE":{
      "p":0.7637906648,
      "r":0.756302521,
      "f":0.7600281492
    }
  },
  "speed":1348.6891841602
}