{
  "token_acc":1.0,
  "token_p":1.0,
  "token_r":1.0,
  "token_f":1.0,
  "ents_p":0.8431572062,
  "ents_r":0.8746230398,
  "ents_f":0.8586019317,
  "ents_per_type":{
    "COURT":{
      "p":0.8762886598,
      "r":0.904995905,
      "f":0.8904109589
    },
    "JUDGE":{
      "p":0.9328743546,
      "r":0.9186440678,
      "f":0.925704526
    },
    "PETITIONER":{
      "p":0.8646232439,
      "r":0.7908878505,
      "f":0.8261134838
    },
    "LAWYER":{
      "p":0.9353374929,
      "r":0.9191750279,
      "f":0.9271858308
    },
    "RESPONDENT":{
      "p":0.7778827977,
      "r":0.769878391,
      "f":0.7738598966
    },
    "OTHER_PERSON":{
      "p":0.7613899614,
      "r":0.893115942,
      "f":0.8220091705
    },
    "ORG":{
      "p":0.7029250457,
      "r":0.841356674,
      "f":0.765936255
    },
    "PRECEDENT":{
      "p":0.6810730253,
      "r":0.7030769231,
      "f":0.6919000757
    },
    "PROVISION":{
      "p":0.9300244101,
      "r":0.9384236453,
      "f":0.9342051492
    },
    "DATE":{
      "p":0.9234923492,
      "r":0.9473684211,
      "f":0.935278031
    },
    "CASE_NUMBER":{
      "p":0.7858156028,
      "r":0.8305847076,
      "f":0.8075801749
    },
    "GPE":{
      "p":0.743622449,
      "r":0.8165266106,
      "f":0.7783711615
    },
    "STATUTE":{
      "p":0.8905950096,
      "r":0.955715757,
      "f":0.9220069548
    },
    "WITNESS":{
      "p":0.9397905759,
      "r":0.8692493947,
      "f":0.9031446541
    }
  },
  "speed":956.2227376386
}